Code,FPL_Name,Web_Name,Understat_ID,Understat_Name,FPL_ID_2023-24,Team_2023-24
58822,Cédric Alves Soares,Cédric,847,Cédric Soares,2,Arsenal
153256,Mohamed Elneny,M.Elneny,496,Mohamed Elneny,3,Arsenal
438098,Fábio Ferreira Vieira,Fábio Vieira,11007,Fábio Vieira,4,Arsenal
226597,Gabriel dos Santos Magalhães,Gabriel,5613,Gabriel,5,Arsenal
219847,Kai Havertz,Havertz,5220,Kai Havertz,6,Arsenal
156074,Rob Holding,Holding,1749,Rob Holding,7,Crystal Palace
205651,Gabriel Fernando de Jesus,G.Jesus,5543,Gabriel Jesus,8,Arsenal
85955,Jorge Luiz Frello Filho,Jorginho,1389,Jorginho,9,Arsenal
440854,Jakub Kiwior,Kiwior,10012,Jakub Kiwior,10,Arsenal
479683,Marcus Oliveira Alencar,Marquinhos,11035,Marquinhos,11,Arsenal
444145,Gabriel Martinelli Silva,Martinelli,7752,Gabriel Martinelli,12,Arsenal
205533,Eddie Nketiah,Nketiah,6482,Eddie Nketiah,13,Arsenal
184029,Martin Ødegaard,Ødegaard,2517,Martin Odegaard,14,Arsenal
167199,Thomas Partey,Thomas,2328,Thomas Partey,15,Arsenal
195735,Nicolas Pépé,Pepe,5656,Nicolas Pepe,16,Arsenal
225321,Aaron Ramsdale,Ramsdale,5603,Aaron Ramsdale,17,Arsenal
223340,Bukayo Saka,Saka,7322,Bukayo Saka,19,Arsenal
462424,William Saliba,Saliba,6888,William Saliba,20,Arsenal
437742,Albert Sambi Lokonga,Sambi,9689,Albert Sambi Lokonga,21,Luton
209289,Emile Smith Rowe,Smith Rowe,7230,Emile Smith-Rowe,22,Arsenal
437626,Nuno Varela Tavares,Tavares,9691,Nuno Tavares,23,Nott'm Forest
192895,Kieran Tierney,Tierney,8089,Kieran Tierney,24,Arsenal
223723,Takehiro Tomiyasu,Tomiyasu,7931,Takehiro Tomiyasu,25,Arsenal
116216,Leandro Trossard,Trossard,7698,Leandro Trossard,26,Arsenal
224068,Matt Turner,Turner,10700,Matt Turner,28,Nott'm Forest
198869,Benjamin White,White,7298,Ben White,29,Arsenal
84450,Granit Xhaka,Xhaka,204,Granit Xhaka,30,Arsenal
206325,Oleksandr Zinchenko,Zinchenko,2958,Oleksandr Zinchenko,31,Arsenal
106468,Alexandre Moreno Lopera,Alex Moreno,4120,Álex Moreno,32,Aston Villa
433979,Cameron Archer,Archer,9912,Cameron Archer,33,Sheffield Utd
215711,Leon Bailey,Bailey,5221,Leon Bailey,34,Aston Villa
195546,Emiliano Buendía Stati,Buendia,2203,Emiliano Buendía,35,Aston Villa
199796,Matty Cash,Cash,8864,Matthew Cash,36,Aston Villa
101184,Calum Chambers,Chambers,508,Calum Chambers,37,Aston Villa
84583,Philippe Coutinho Correia,Coutinho,488,Philippe Coutinho,38,Aston Villa
221239,Keinan Davis,Davis,1053,Keinan Davis,39,Aston Villa
151589,Leander Dendoncker,Dendoncker,7236,Leander Dendoncker,40,Aston Villa
165659,Diego Carlos Santos Silva,Diego Carlos,5712,Diego Carlos,41,Aston Villa
101188,Lucas Digne,Digne,1823,Lucas Digne,42,Aston Villa
230046,Douglas Luiz Soares de Paulo,Douglas Luiz,6122,Douglas Luiz,43,Aston Villa
476344,Jhon Durán,Duran,11366,Jhon Durán,44,Aston Villa
123354,Kortney Hause,Hause,6859,Kortney Hause,45,Aston Villa
490094,Tim Iroegbunam,Iroegbunam,9554,Tim Iroegbunam,46,Aston Villa
226944,Boubacar Kamara,Kamara,5789,Boubacar Kamara,47,Aston Villa
199798,Ezri Konsa Ngoyo,Konsa,7726,Ezri Konsa Ngoyo,48,Aston Villa
98980,Emiliano Martínez Romero,Martinez,4401,Emiliano Martinez,49,Aston Villa
122806,John McGinn,McGinn,7723,John McGinn,50,Aston Villa
149484,Tyrone Mings,Mings,1024,Tyrone Mings,51,Aston Villa
184704,Marvelous Nakamba,Nakamba,8040,Marvelous Nakamba,52,Luton
111782,Robin Olsen,Olsen,6962,Robin Olsen,53,Aston Villa
481624,Jaden Philogene-Bidace,Philogene,9415,Jaden Philogene-Bidace,54,Aston Villa
232653,Jacob Ramsey,J.Ramsey,8941,Jacob Ramsey,55,Aston Villa
122775,Morgan Sanson,Sanson,3696,Morgan Sanson,56,Aston Villa
248164,Viljami Sinisalo,Sinisalo,,,57,Aston Villa
166989,Youri Tielemans,Tielemans,5956,Youri Tielemans,58,Aston Villa
110504,Bertrand Traoré,Bertrand Traoré,695,Bertrand Traoré,59,Aston Villa
178301,Ollie Watkins,Watkins,8865,Ollie Watkins,60,Aston Villa
444180,Jaidon Anthony,Anthony,10746,Jaidon Anthony,62,Bournemouth
168991,Philip Billing,Billing,6034,Philip Billing,63,Bournemouth
111317,David Brooks,Brooks,6820,David Brooks,64,Bournemouth
158499,Ryan Christie,Christie,10744,Ryan Christie,65,Bournemouth
155408,Lewis Cook,L.Cook,1789,Lewis Cook,66,Bournemouth
244085,Siriki Dembélé,Siriki,10749,Siriki Dembélé,67,Bournemouth
81012,Ryan Fredericks,Fredericks,6891,Ryan Fredericks,68,Bournemouth
463981,James Hill,Hill,10747,James Hill,69,Bournemouth
235530,Lloyd Kelly,Kelly,8090,Lloyd Kelly,70,Bournemouth
128309,Jamal Lowe,Lowe,10865,Jamal Lowe,73,Bournemouth
133845,Emiliano Marcondes,Marcondes,10745,Emiliano Marcondes,74,Bournemouth
223911,Chris Mepham,Mepham,7384,Chris Mepham,75,Bournemouth
128340,Kieffer Moore,Moore,10743,Kieffer Moore,76,Bournemouth
69752,Norberto Murara Neto,Neto,1297,Neto,77,Bournemouth
533463,Dango Ouattara,O.Dango,9662,Dango Ouattara,78,Bournemouth
156687,Ben Pearson,Pearson,10742,Ben Pearson,79,Bournemouth
32259,Darren Randolph,Randolph,540,Darren Randolph,80,Bournemouth
156685,Joe Rothwell,Rothwell,561,Joe Rothwell,81,Bournemouth
437730,Antoine Semenyo,Semenyo,11363,Antoine Semenyo,82,Bournemouth
221466,Marcos Senesi,Senesi,10864,Marcos Senesi,83,Bournemouth
54469,Adam Smith,Smith,825,Adam Smith,84,Bournemouth
154566,Dominic Solanke,Solanke,1679,Dominic Solanke,85,Bournemouth
201658,Marcus Tavernier,Tavernier,10741,Marcus Tavernier,86,Bournemouth
424044,Hamed Traorè,Hamed Traorè,6986,Hamed Junior Traore,87,Bournemouth
229600,Mark Travers,Travers,7582,Mark Travers,88,Bournemouth
477580,Illia Zabarnyi,Zabarnyi,11486,Illia Zabarnyi,89,Bournemouth
191866,Kristoffer Ajer,Ajer,9677,Kristoffer Ajer,90,Brentford
235448,Ellery Balcombe,Balcombe,,,91,Brentford
432160,Shandon Baptiste,Baptiste,9914,Shandon Baptiste,92,Brentford
228044,Mads Bech Sørensen,Bech,9683,Mads Bech Sørensen,93,Brentford
481405,Mads Bidstrup,Bidstrup,9682,Mads Bidstrup,94,Brentford
174932,Sergi Canós Tenés,Canós,1078,Sergi Canos,95,Brentford
432830,Nathan Collins,Collins,9733,Nathan Collins,96,Brentford
503300,Matthew Cox,Cox,,,97,Brentford
440089,Mikkel Damsgaard,Damsgaard,8859,Mikkel Damsgaard,98,Brentford
183656,Josh Dasilva,Dasilva,10405,Josh Dasilva,99,Brentford
434662,Halil Dervişoğlu,Dervişoğlu,9686,Halil Dervisoglu,100,Brentford
213687,Charlie Goode,Goode,9687,Charlie Goode,102,Brentford
194010,Rico Henry,Henry,9679,Rico Henry,103,Brentford
472713,Aaron Hickey,Hickey,8942,Aaron Hickey,104,Brentford
204580,Vitaly Janelt,Janelt,9680,Vitaly Janelt,105,Brentford
207283,Mathias Jensen,Jensen,7166,Mathias Jensen,106,Brentford
249231,Keane Lewis-Potter,Lewis-Potter,10809,Keane Lewis-Potter,107,Brentford
446008,Bryan Mbeumo,Mbeumo,6552,Bryan Mbeumo,108,Brentford
51927,Ben Mee,Mee,1654,Ben Mee,109,Brentford
128295,Christian Nørgaard,Nørgaard,7083,Christian Nørgaard,110,Brentford
428580,Frank Onyeka,Onyeka,9681,Frank Onyeka,111,Brentford
231065,Ethan Pinnock,Pinnock,9678,Ethan Pinnock,112,Brentford
154561,David Raya Martin,Raya,9676,David Raya,113,Arsenal
226956,Mads Roerslev Rasmussen,Roerslev,9685,Mads Roerslev,114,Brentford
513418,Kevin Schade,Schade,9156,Kevin Schade,115,Brentford
140200,Thomas Strakosha,Strakosha,1214,Thomas Strakosha,116,Brentford
144485,Ivan Toney,Toney,998,Ivan Toney,117,Brentford
591357,Ryan Trevitt,Trevitt,,,118,Brentford
216646,Yoane Wissa,Wissa,5786,Yoane Wissa,119,Brentford
48760,Mathias Jorgensen,Zanka,6030,Zanka,121,Brentford
235382,Steven Alzate,Alzate,8020,Steven Alzate,123,Brighton
509416,Yasin Ayari,Ayari,11385,Yasin Ayari,124,Brighton
536916,Facundo Buonanotte,Buonanotte,11362,Facundo Buonanotte,125,Brighton
486672,Moisés Caicedo Corozo,Caicedo,9453,Moisés Caicedo,126,Chelsea
83299,Lewis Dunk,Dunk,6048,Lewis Dunk,129,Brighton
474120,Julio Enciso,Enciso,11058,Julio Enciso,130,Brighton
204214,Pervis Estupiñán,Estupiñan,5136,Estupiñán,131,Brighton
487117,Evan Ferguson,Ferguson,10177,Evan Ferguson,132,Brighton
243568,Billy Gilmour,Gilmour,7988,Billy Gilmour,133,Brighton
60307,Pascal Groß,Gross,239,Pascal Groß,134,Brighton
484658,Kacper Kozłowski,Kozłowski,,,137,Brighton
39155,Adam Lallana,Lallana,486,Adam Lallana,138,Brighton
232792,Tariq Lamptey,Lamptey,8226,Tariq Lamptey,139,Brighton
109345,Solly March,March,6049,Solly March,140,Brighton
209288,Tom McGill,McGill,,,141,Brighton
15157,James Milner,Milner,489,James Milner,142,Brighton
451340,Kaoru Mitoma,Mitoma,10806,Kaoru Mitoma,143,Brighton
243505,Jakub Moder,Moder,9284,Jakub Moder,144,Brighton
215059,Robert Sánchez,Sanchez,9098,Robert Sánchez,145,Chelsea
441192,Jeremy Sarmiento Morante,Sarmiento,10036,Jeremy Sarmiento,146,Brighton
240514,Kjell Scherpen,Scherpen,,,147,Brighton
49262,Jason Steele,Steele,7235,Jason Steele,148,Brighton
450434,Deniz Undav,Undav,10804,Deniz Undav,149,Brighton
469142,Jan Paul van Hecke,Van Hecke,10807,Jan Paul van Hecke,150,Brighton
111478,Joël Veltman,Veltman,8780,Joël Veltman,151,Brighton
110735,Adam Webster,Webster,7699,Adam Webster,153,Brighton
50175,Danny Welbeck,Welbeck,501,Danny Welbeck,154,Brighton
120202,Wout Weghorst,Weghorst,7052,Wout Weghorst,183,Burnley
199598,Ethan Ampadu,Ampadu,6369,Ethan Ampadu,185,Chelsea
532605,Andrey Nascimento dos Santos,Andrey,,,186,Nott'm Forest
109745,Kepa Arrizabalaga,Arrizabalaga,5061,Kepa,187,Chelsea
54694,Pierre-Emerick Aubameyang,Aubameyang,318,Pierre-Emerick Aubameyang,188,Chelsea
41328,César Azpilicueta,Azpilicueta,681,César Azpilicueta,189,Chelsea
242880,Benoît Badiashile,B.Badiashile,7240,Benoit Badiashile Mukinayi,191,Chelsea
122074,Marcus Bettinelli,Bettinelli,7076,Marcus Bettinelli,192,Chelsea
440323,Armando Broja,Broja,8384,Armando Broja,193,Chelsea
180736,Trevoh Chalobah,Chalobah,6615,Trevoh Chalobah,194,Chelsea
172850,Ben Chilwell,Chilwell,782,Ben Chilwell,195,Chelsea
478912,Carney Chukwuemeka,Chukwuemeka,9356,Carney Chukwuemeka,196,Chelsea
460028,Levi Colwill,Colwill,10805,Levi Colwill,197,Chelsea
179268,Marc Cucurella Saseta,Cucurella,7134,Marc Cucurella,198,Chelsea
448047,Enzo Fernández,Enzo,11356,Enzo Fernández,199,Chelsea
520295,David Datro Fofana,D.D.Fofana,11295,David Datro Fofana,200,Chelsea
444463,Wesley Fofana,W.Fofana,7589,Wesley Fofana,201,Chelsea
232787,Conor Gallagher,Gallagher,9040,Conor Gallagher,202,Chelsea
487838,Lewis Hall,Hall,10216,Lewis Hall,204,Newcastle
209046,Callum Hudson-Odoi,Hudson-Odoi,6456,Callum Hudson-Odoi,205,Nott'm Forest
225796,Reece James,James,8067,Reece James,206,Chelsea
248857,Noni Madueke,Madueke,11357,Noni Madueke,208,Chelsea
184341,Mason Mount,Mount,7768,Mason Mount,209,Man Utd
465920,Mykhailo Mudryk,Mudryk,11305,Mykhailo Mudryk,210,Chelsea
176413,Christian Pulisic,Pulisic,2662,Christian Pulisic,213,Chelsea
204727,Malang Sarr,M.Sarr,5648,Malang Sarr,214,Chelsea
103955,Raheem Sterling,Sterling,618,Raheem Sterling,216,Chelsea
51090,Thiago Emiliano da Silva,T.Silva,3288,Thiago Silva,217,Chelsea
124183,Hakim Ziyech,Ziyech,8992,Hakim Ziyech,218,Chelsea
466117,Naouirou Ahamada,Ahamada,9274,Naouirou Ahamada,219,Crystal Palace
174874,Joachim Andersen,Andersen,6314,Joachim Andersen,220,Crystal Palace
80146,Jordan Ayew,J.Ayew,672,Jordan Ayew,221,Crystal Palace
57328,Nathaniel Clyne,Clyne,603,Nathaniel Clyne,222,Crystal Palace
438464,Cheick Doucouré,C.Doucouré,8666,Cheick Oumar Doucoure,223,Crystal Palace
450535,Malcolm Ebiowei,Ebiowei,10698,Malcolm Ebiowei,224,Crystal Palace
199670,Odsonne Edouard,Edouard,3697,Odsonne Edouard,225,Crystal Palace
232413,Eberechi Eze,Eze,8706,Eberechi Eze,226,Crystal Palace
40836,Vicente Guaita,Guaita,2190,Vicente Guaita,227,Crystal Palace
209036,Marc Guéhi,Guéhi,7603,Marc Guehi,228,Crystal Palace
108413,Will Hughes,Hughes,6104,Will Hughes,229,Crystal Palace
101982,Sam Johnstone,Johnstone,978,Sam Johnstone,230,Crystal Palace
152551,Jefferson Lerma Solís,Lerma,2182,Jefferson Lerma,231,Crystal Palace
231747,Jean-Philippe Mateta,Mateta,5735,Jean-Philippe Mateta,232,Crystal Palace
169593,Remi Matthews,Matthews,,,233,Crystal Palace
244723,Tyrick Mitchell,Mitchell,8214,Tyrick Mitchell,234,Crystal Palace
443661,Michael Olise,Olise,9948,Michael Olise,236,Crystal Palace
450541,Luke Plange,Plange,,,237,Crystal Palace
427623,Chris Richards,C.Richards,8430,Chris Richards,238,Crystal Palace
173954,Jairo Riedewald,Riedewald,6027,Jairo Riedewald,239,Crystal Palace
86417,Jeffrey Schlupp,Schlupp,757,Jeffrey Schlupp,240,Crystal Palace
49413,James Tomkins,Tomkins,530,James Tomkins,241,Crystal Palace
55494,Joel Ward,Ward,510,Joel Ward,242,Crystal Palace
487818,Joe Whitworth,Whitworth,11005,Joseph Whitworth,243,Crystal Palace
120250,André Tavares Gomes,André Gomes,2383,André Gomes,244,Everton
480455,Jarrad Branthwaite,Branthwaite,8476,Jarrad Branthwaite,245,Everton
177815,Dominic Calvert-Lewin,Calvert-Lewin,5555,Dominic Calvert-Lewin,246,Everton
59949,Seamus Coleman,Coleman,585,Seamus Coleman,247,Everton
108823,Dele Alli,Dele,645,Dele Alli,248,Everton
121599,Abdoulaye Doucouré,A.Doucoure,1726,Abdoulaye Doucouré,249,Everton
232928,James Garner,Garner,7438,James Garner,250,Everton
160987,Jean-Philippe Gbamin,Gbamin,4764,Jean-Philippe Gbamin,251,Everton
198826,Ben Godfrey,Godfrey,7689,Ben Godfrey,252,Everton
172632,Demarai Gray,Gray,762,Demarai Gray,253,Everton
80801,Idrissa Gueye,Gana,668,Idrissa Gueye,254,Everton
194164,Mason Holgate,Holgate,985,Mason Holgate,255,Everton
153133,Alex Iwobi,Iwobi,500,Alex Iwobi,256,Fulham
106611,Michael Keane,Keane,1653,Michael Keane,257,Everton
115382,Neal Maupay,Maupay,3621,Neal Maupay,258,Brentford
433154,Dwight McNeil,McNeil,6756,Dwight McNeil,259,Everton
224967,Vitalii Mykolenko,Mykolenko,10291,Vitalii Mykolenko,260,Everton
449871,Amadou Onana,Onana,9667,Amadou Onana,261,Everton
243571,Nathan Patterson,Patterson,10292,Nathan Patterson,262,Everton
111234,Jordan Pickford,Pickford,741,Jordan Pickford,263,Everton
218997,Ellis Simms,Simms,8582,Ellis Simms,264,Everton
17761,James Tarkowski,Tarkowski,1665,James Tarkowski,265,Everton
156689,Andreas Hoelgebaum Pereira,Andreas,922,Andreas Pereira,267,Fulham
76357,Tom Cairney,Cairney,6835,Tom Cairney,268,Fulham
166324,Ivan Neves Abreu Cavaleiro,I.Cavaleiro,3683,Ivan Cavaleiro,269,Fulham
96994,Bobby De Cordova-Reid,De Cordova-Reid,6827,Bobby Reid,270,Fulham
219924,Issa Diop,Diop,3203,Issa Diop,271,Fulham
432931,Tyrese Francois,Francois,9552,Tyrese Francois,272,Fulham
83543,Anthony Knockaert,Knockaert,4497,Anthony Knockaert,273,Fulham
109434,Terence Kongolo,Kongolo,6067,Terence Kongolo,274,Fulham
80201,Bernd Leno,Leno,181,Bernd Leno,275,Fulham
212314,Saša Lukić,Lukić,1537,Sasa Lukic,276,Fulham
120721,Kevin Mbabu,Mbabu,983,Kevin Mbabu,277,Fulham
128389,Aleksandar Mitrović,Mitrović,773,Aleksandar Mitrovic,278,Fulham
244042,Rodrigo Muniz Carvalho,Muniz,10717,Rodrigo Muniz,279,Fulham
154296,João Palhinha Gonçalves,J.Palhinha,10715,João Palhinha,280,Fulham
82514,Tim Ream,Ream,7184,Tim Ream,281,Fulham
153366,Harrison Reed,Reed,910,Harrison Reed,282,Fulham
169528,Antonee Robinson,Robinson,8940,Antonee Robinson,283,Fulham
155529,Marek Rodák,Rodák,8704,Marek Rodák,284,Fulham
167074,Kenny Tete,Tete,5973,Kenny Tete,285,Fulham
109646,Tosin Adarabioyo,Tosin,5590,Tosin Adarabioyo,286,Fulham
245824,Carlos Vinícius Alves Morais,Vinícius,7395,Carlos Vinicius,287,Fulham
153682,Harry Wilson,Wilson,5596,Harry Wilson,288,Fulham
60706,Adrián San Miguel del Castillo,Adrián,527,Adrián,289,Liverpool
169187,Trent Alexander-Arnold,Alexander-Arnold,1791,Trent Alexander-Arnold,290,Liverpool
116535,Alisson Ramses Becker,A.Becker,1257,Alisson,291,Liverpool
535928,Stefan Bajcetic,Bajcetic,10723,Stefan Bajcetic,292,Liverpool
447203,Darwin Núñez Ribeiro,Darwin,10720,Darwin Núñez,293,Liverpool
194634,Diogo Teixeira da Silva,Diogo J.,6854,Diogo Jota,294,Liverpool
444884,Harvey Elliott,Elliott,7546,Harvey Elliott,295,Liverpool
116643,Fabio Henrique Tavares,Fabinho,3420,Fabinho,296,Liverpool
243298,Cody Gakpo,Gakpo,11296,Cody Gakpo,297,Liverpool
171287,Joe Gomez,Gomez,987,Joseph Gomez,298,Liverpool
56979,Jordan Henderson,Henderson,605,Jordan Henderson,299,Liverpool
206915,Curtis Jones,Jones,6665,Curtis Jones,300,Liverpool
200720,Caoimhin Kelleher,Kelleher,7904,Caoimhin Kelleher,301,Liverpool
204716,Ibrahima Konaté,Konaté,6326,Ibrahima Konaté,302,Liverpool
244731,Luis Díaz,Luis Díaz,10408,Luis Díaz,303,Liverpool
243016,Alexis Mac Allister,Mac Allister,8379,Alexis Mac Allister,304,Liverpool
60914,Joel Matip,Matip,332,Joel Matip,305,Liverpool
197464,Nathaniel Phillips,Phillips,8228,Nathaniel Phillips,306,Liverpool
122798,Andrew Robertson,Robertson,1688,Andrew Robertson,307,Liverpool
118748,Mohamed Salah,Salah,1250,Mohamed Salah,308,Liverpool
61558,Thiago Alcántara do Nascimento,Thiago,229,Thiago Alcántara,310,Liverpool
214285,Konstantinos Tsimikas,Tsimikas,8852,Konstantinos Tsimikas,311,Liverpool
444765,Sepp van den Berg,Van den Berg,10721,Sepp van den Berg,312,Liverpool
97032,Virgil van Dijk,Virgil,833,Virgil van Dijk,313,Liverpool
211975,Manuel Akanji,Akanji,6490,Manuel Akanji,341,Man City
126184,Nathan Aké,Aké,579,Nathan Aké,342,Man City
461358,Julián Álvarez,J.Alvarez,10846,Julián Álvarez,343,Man City
165809,Bernardo Veiga de Carvalho e Silva,Bernardo,3635,Bernardo Silva,344,Man City
121145,João Cancelo,Cancelo,2379,João Cancelo,346,Man City
17601,Scott Carson,Carson,8158,Scott Carson,347,Man City
463210,Shea Charles,Charles,11594,Shea Charles,348,Man City
61366,Kevin De Bruyne,De Bruyne,447,Kevin De Bruyne,349,Man City
171314,Rúben Gato Alves Dias,Rúben,8961,Rúben Dias,350,Man City
121160,Ederson Santana de Moraes,Ederson M.,6054,Ederson,352,Man City
209244,Phil Foden,Foden,6055,Phil Foden,353,Man City
114283,Jack Grealish,Grealish,675,Jack Grealish,354,Man City
223094,Erling Haaland,Haaland,8260,Erling Haaland,355,Man City
91651,Mateo Kovačić,Kovačić,2254,Mateo Kovacic,356,Man City
146941,Aymeric Laporte,Laporte,2498,Aymeric Laporte,357,Man City
477064,Rico Lewis,R.Lewis,10847,Rico Lewis,358,Man City
103025,Riyad Mahrez,Mahrez,750,Riyad Mahrez,359,Man City
432714,James McAtee,McAtee,10126,James McAtee,360,Sheffield Utd
88248,Stefan Ortega Moreno,Ortega Moreno,8786,Stefan Ortega Moreno,361,Man City
244851,Cole Palmer,Palmer,8497,Cole Palmer,362,Chelsea
482769,Máximo Perrone,Perrone,11378,Máximo Perrone,363,Man City
155405,Kalvin Phillips,Phillips,8719,Kalvin Phillips,364,Man City
220566,Rodrigo Hernandez,Rodrigo,2496,Rodri,365,Man City
437468,Sergio Gómez,Sergio Gómez,6656,Sergio Gómez,366,Man City
164484,Zack Steffen,Steffen,7817,Zack Steffen,367,Man City
97299,John Stones,Stones,586,John Stones,368,Man City
58621,Kyle Walker,Walker,638,Kyle Walker,369,Man City
152590,Alex Telles,Alex Telles,1828,Alex Telles,370,Man Utd
493250,Amad Diallo,Amad,8127,Amad Diallo Traore,371,Man Utd
467169,Antony Matheus dos Santos,Antony,11094,Antony,372,Man Utd
141746,Bruno Borges Fernandes,B.Fernandes,1228,Bruno Fernandes,373,Man Utd
232937,Brandon Williams,B.Williams,8075,Brandon Williams,374,Man Utd
197365,Eric Bailly,Bailly,1739,Eric Bailly,375,Man Utd
61256,Carlos Henrique Casimiro,Casemiro,2248,Casemiro,376,Man Utd
216051,Diogo Dalot Teixeira,Dalot,7281,Diogo Dalot,377,Man Utd
449434,Anthony Elanga,Elanga,9524,Anthony Elanga,378,Nott'm Forest
80607,Christian Eriksen,Eriksen,646,Christian Eriksen,379,Man Utd
101582,Frederico Rodrigues de Paula Santos,Fred,6817,Fred,381,Man Utd
493105,Alejandro Garnacho,Garnacho,10552,Alejandro Garnacho,382,Man Utd
21205,Tom Heaton,Heaton,1651,Tom Heaton,384,Man Utd
172649,Dean Henderson,Henderson,7702,Dean Henderson,385,Crystal Palace
184667,Victor Lindelöf,Lindelof,6080,Victor Lindelöf,386,Man Utd
95658,Harry Maguire,Maguire,1687,Harry Maguire,387,Man Utd
516895,Kobbie Mainoo,Mainoo,11174,Kobbie Mainoo,388,Man Utd
222690,Tyrell Malacia,Malacia,10803,Tyrell Malacia,389,Man Utd
148225,Anthony Martial,Martial,553,Anthony Martial,390,Man Utd
221820,Lisandro Martínez,Martinez,10802,Lisandro Martínez,391,Man Utd
195851,Scott McTominay,McTominay,5560,Scott McTominay,392,Man Utd
488404,Facundo Pellistri Rebollo,Pellistri,9324,Facundo Pellistri,394,Man Utd
90152,Raphaël Varane,R.Varane,2245,Raphael Varane,395,Man Utd
176297,Marcus Rashford,Rashford,556,Marcus Rashford,396,Man Utd
209243,Jadon Sancho,Sancho,6345,Jadon Sancho,397,Man Utd
106760,Luke Shaw,Shaw,1006,Luke Shaw,398,Man Utd
472464,Shola Shoretire,Shoretire,9359,Shola Shoretire,399,Man Utd
180184,Donny van de Beek,Van de Beek,8821,Donny van de Beek,400,Man Utd
214590,Aaron Wan-Bissaka,Wan-Bissaka,5584,Aaron Wan-Bissaka,401,Man Utd
179018,Miguel Almirón Rejala,Almirón,7420,Miguel Almirón,402,Newcastle
215379,Elliot Anderson,Anderson,9154,Elliot Anderson,403,Newcastle
441024,Harrison Ashby,Ashby,10061,Harrison Ashby,404,Newcastle
220237,Sven Botman,Botman,8635,Sven Botman,405,Newcastle
208706,Bruno Guimarães Rodriguez Moura,Bruno G.,8327,Bruno Guimarães,406,Newcastle
78916,Dan Burn,Burn,7382,Dan Burn,407,Newcastle
59735,Karl Darlow,Darlow,780,Karl Darlow,408,Newcastle
67089,Martin Dubravka,Dubravka,6532,Martin Dubravka,409,Newcastle
90105,Ryan Fraser,Fraser,1683,Ryan Fraser,410,Newcastle
81441,Mark Gillespie,Gillespie,,,411,Newcastle
232826,Anthony Gordon,Gordon,8150,Anthony Gordon,412,Newcastle
83314,Jeff Hendrick,Hendrick,1746,Jeff Hendrick,414,Newcastle
219168,Alexander Isak,Isak,5232,Alexander Isak,415,Newcastle
180974,Joelinton Cássio Apolinário de Lira,Joelinton,87,Joelinton,416,Newcastle
111773,Emil Krafth,Krafth,1545,Emil Krafth,417,Newcastle
564510,Garang Kuol,Kuol,,,418,Newcastle
101148,Jamaal Lascelles,Lascelles,766,Jamaal Lascelles,419,Newcastle
194799,Jamal Lewis,J.Lewis,7691,Jamal Lewis,420,Newcastle
180135,Sean Longstaff,Longstaff,7078,Sean Longstaff,421,Newcastle
109528,Javier Manquillo Gaitán,Manquillo,1719,Javier Manquillo,422,Newcastle
114243,Jacob Murphy,J.Murphy,6063,Jacob Murphy,423,Newcastle
98747,Nick Pope,Pope,5552,Nick Pope,424,Newcastle
56983,Matt Ritchie,Ritchie,461,Matt Ritchie,425,Newcastle
170137,Allan Saint-Maximin,Saint-Maximin,101,Allan Saint-Maximin,426,Newcastle
119471,Fabian Schär,Schär,76,Fabian Schär,427,Newcastle
169359,Matt Targett,Targett,884,Matt Targett,428,Newcastle
77794,Kieran Trippier,Trippier,652,Kieran Trippier,430,Newcastle
200089,Joe Willock,Willock,6630,Joe Willock,432,Newcastle
75115,Callum Wilson,Wilson,468,Callum Wilson,433,Newcastle
48615,Harry Arter,Arter,881,Harry Arter,435,Nott'm Forest
80226,Serge Aurier,Aurier,3600,Serge Aurier,436,Nott'm Forest
210156,Taiwo Awoniyi,Awoniyi,7814,Taiwo Awoniyi,437,Nott'm Forest
437753,Giulian Biancone,Biancone,7282,Giulian Biancone,438,Nott'm Forest
90585,Willy Boly,Boly,6850,Willy Boly,439,Nott'm Forest
56917,Steve Cook,Cook,458,Steve Cook,441,Nott'm Forest
513046,Danilo dos Santos de Oliveira,Danilo,11317,Danilo,442,Nott'm Forest
230251,Emmanuel Dennis,Dennis,9301,Emmanuel Dennis,443,Nott'm Forest
173399,Mohamed Dräger,Dräger,6476,Mohamed Dräger,444,Nott'm Forest
116404,Felipe Augusto de Almeida Monteiro,Felipe,7921,Felipe,445,Nott'm Forest
89076,Remo Freuler,Freuler,1488,Remo Freuler,446,Nott'm Forest
222531,Morgan Gibbs-White,Gibbs-White,6857,Morgan Gibbs-White,447,Nott'm Forest
20066,Wayne Hennessey,Hennessey,509,Wayne Hennessey,448,Nott'm Forest
242898,Brennan Johnson,Johnson,10760,Brennan Johnson,450,Spurs
55037,Cheikhou Kouyaté,Kouyaté,532,Cheikhou Kouyaté,451,Nott'm Forest
221403,Richie Laryea,Laryea,,,452,Nott'm Forest
179519,Orel Mangala,Mangala,6088,Orel Mangala,453,Nott'm Forest
242885,Loïc Mbe Soh,Mbe Soh,7577,Loïc Mbe Soh,454,Nott'm Forest
168281,Scott McKenna,McKenna,10757,Scott McKenna,455,Nott'm Forest
244930,Alex Mighten,Mighten,10761,Alex Mighten,456,Nott'm Forest
199170,Moussa Niakhaté,Niakhaté,5989,Moussa Niakhate,457,Nott'm Forest
243345,Lewis O'Brien,O'Brien,10759,Lewis O'Brien,458,Nott'm Forest
437476,Braian Ojeda Rodríguez,Ojeda,7022,Daniel Ojeda,459,Nott'm Forest
209035,Jonathan Panzo,Panzo,7247,Jonathan Panzo,460,Nott'm Forest
204822,Omar Richards,O.Richards,9675,Omar Richards,461,Nott'm Forest
185253,Gustavo Henrique Furtado Scarpa,G.Scarpa,11284,Gustavo Scarpa,462,Nott'm Forest
50232,Jonjo Shelvey,J.Shelvey,769,Jonjo Shelvey,463,Nott'm Forest
217331,Sam Surridge,Surridge,5602,Sam Surridge,464,Nott'm Forest
114241,Harry Toffolo,Toffolo,10758,Harry Toffolo,465,Nott'm Forest
215136,Neco Williams,Williams,8204,Neco Williams,467,Nott'm Forest
60689,Chris Wood,Wood,4456,Chris Wood,468,Nott'm Forest
208912,Joe Worrall,Worrall,10756,Joe Worrall,469,Nott'm Forest
204968,Ryan Yates,Yates,11003,Ryan Yates,470,Nott'm Forest
214572,Brandon Austin,Austin,,,491,Spurs
202993,Rodrigo Bentancur,Bentancur,6108,Rodrigo Bentancur,492,Spurs
227127,Yves Bissouma,Bissouma,5609,Yves Bissouma,493,Spurs
436234,Bryan Gil Salvatierra,Bryan,7338,Bryan Gil Salvatierra,494,Spurs
115556,Ben Davies,Davies,660,Ben Davies,495,Spurs
93264,Eric Dier,Dier,643,Eric Dier,496,Spurs
241157,Emerson Leite de Souza Junior,E.Royal,7430,Emerson,497,Spurs
40383,Fraser Forster,Forster,831,Fraser Forster,498,Spurs
132015,Pierre-Emile Højbjerg,Højbjerg,343,Pierre-Emile Højbjerg,499,Spurs
78830,Harry Kane,Kane,647,Harry Kane,500,Spurs
445044,Dejan Kulusevski,Kulusevski,6691,Dejan Kulusevski,501,Spurs
37915,Hugo Lloris,Lloris,637,Hugo Lloris,502,Spurs
172780,James Maddison,Maddison,6818,James Maddison,504,Spurs
441164,Pedro Porro,Pedro Porro,6912,Pedro Porro,506,Spurs
45034,Ivan Perišić,Perišić,448,Ivan Perisic,507,Spurs
199249,Sergio Reguilón,Reguilón,7187,Sergio Reguilón,508,Man Utd
212319,Richarlison de Andrade,Richarlison,6026,Richarlison,509,Spurs
214225,Joe Rodon,Rodon,6377,Joe Rodon,510,Spurs
221632,Cristian Romero,Romero,7218,Cristian Romero,511,Spurs
173904,Davinson Sánchez,Sánchez,6249,Davinson Sánchez,512,Spurs
482442,Pape Matar Sarr,Sarr,9021,Pape Sarr,513,Spurs
184349,Ryan Sessegnon,Sessegnon,6837,Ryan Sessegnon,514,Spurs
209042,Oliver Skipp,Skipp,7198,Oliver Skipp,515,Spurs
85971,Son Heung-min,Son,453,Son Heung-Min,516,Spurs
232859,Djed Spence,Spence,10764,Djed Spence,517,Spurs
199584,Japhet Tanganga,Tanganga,8222,Japhet Tanganga,518,Spurs
210494,Nayef Aguerd,N.Aguerd,6935,Naif Aguerd,522,West Ham
57531,Michail Antonio,Antonio,531,Michail Antonio,523,West Ham
84182,Alphonse Areola,Areola,2310,Alphonse Areola,524,West Ham
172841,Saïd Benrahma,Benrahma,3585,Said Benrahma,525,West Ham
178186,Jarrod Bowen,Bowen,1776,Jarrod Bowen,526,West Ham
149519,Maxwel Cornet,Cornet,3278,Maxwel Cornet,527,West Ham
164555,Vladimír Coufal,Coufal,8965,Vladimir Coufal,528,West Ham
222017,Conor Coventry,Coventry,7239,Conor Coventry,529,West Ham
55459,Aaron Cresswell,Cresswell,534,Aaron Cresswell,530,West Ham
220585,Flynn Downes,Downes,10845,Flynn Downes,531,West Ham
109533,Emerson Palmieri dos Santos,Emerson,1245,Emerson,532,West Ham
37096,Lukasz Fabianski,Fabianski,706,Lukasz Fabianski,533,West Ham
217593,Pablo Fornals Malla,P.Fornals,2335,Pablo Fornals,534,West Ham
84939,Danny Ings,Ings,986,Danny Ings,535,West Ham
222018,Ben Johnson,Johnson,6424,Ben Johnson,536,West Ham
201057,Thilo Kehrer,Kehrer,2674,Thilo Kehrer,537,West Ham
487837,Divin Mubama,Mubama,11242,Divin Mubama,538,West Ham
224024,Lucas Tolentino Coelho de Lima,L.Paquetá,7365,Lucas Paquetá,539,West Ham
204480,Declan Rice,Rice,5553,Declan Rice,540,Arsenal
195899,Gianluca Scamacca,Scamacca,6253,Gianluca Scamacca,541,West Ham
215439,Tomáš Souček,Souček,8288,Tomas Soucek,542,West Ham
180151,Nikola Vlašić,Vlašić,6276,Nikola Vlasic,543,West Ham
103192,Kurt Zouma,Zouma,935,Kurt Zouma,544,West Ham
448514,Rayan Aït-Nouri,Aït-Nouri,6674,Rayan Ait Nouri,545,Wolves
79602,Daniel Bentley,Bentley,11361,Daniel Bentley,546,Wolves
490721,Hugo Bueno López,H.Bueno,10140,Hugo Bueno,548,Wolves
510363,Francisco Jorge Tomás Oliveira,Chiquinho,10327,Chiquinho,549,Wolves
245923,Luke Cundle,Cundle,8179,Luke Cundle,550,Wolves
60232,Craig Dawson,Dawson,804,Craig Dawson,551,Wolves
449988,Fábio Silva,Fábio Silva,8778,Fabio Silva,552,Wolves
181284,Gonçalo Manuel Ganchinho Guedes,Guedes,5682,Gonçalo Guedes,554,Wolves
240299,Joe Hodge,Hodge,10755,Joseph Hodge,555,Wolves
184754,Hwang Hee-chan,Hee Chan,8845,Hee-Chan Hwang,557,Wolves
102057,Raúl Jiménez,Raúl,4105,Raúl Jiménez,558,Fulham
448089,João Victor Gomes da Silva,João Gomes,11384,João Gomes,559,Wolves
114128,Jonathan Castro Otto,J.Otto,2280,Jonny,560,Wolves
429414,Sasa Kalajdzic,Kalajdžić,8812,Sasa Kalajdzic,562,Wolves
214048,Max Kilman,Kilman,7332,Max Kilman,563,Wolves
151086,Mario Lemina,Lemina,1299,Mario Lemina,565,Wolves
465351,Matheus Luiz Nunes,Matheus N.,11000,Matheus Nunes,566,Man City
247632,Pedro Lomba Neto,Neto,6382,Pedro Neto,567,Wolves
200600,Daniel Castelo Podence,Podence,8291,Daniel Podence,568,Wolves
149065,José Malheiro de Sá,José Sá,9740,José Sá,569,Wolves
88484,Pablo Sarabia,Sarabia,2199,Pablo Sarabia,570,Wolves
216208,Matija Šarkić,Šarkić,,,571,Wolves
200402,Nélson Cabral Semedo,N.Semedo,6163,Nélson Semedo,572,Wolves
510362,Toti António Gomes,Toti,10293,Toti,573,Wolves
476502,Boubacar Traoré,Boubacar Traore,8119,Boubacar Traore,574,Wolves
40669,Angelo Ogbonna,Ogbonna,528,Angelo Ogbonna,577,West Ham
200641,Reiss Nelson,Nelson,6492,Reiss Nelson,578,Arsenal
11948,Andy Lonergan,Lonergan,,,579,Everton
104542,Loris Karius,Karius,37,Loris Karius,580,Newcastle
106618,Paul Dummett,Dummett,853,Paul Dummett,581,Newcastle
235674,Manor Solomon,Solomon,10716,Manor Solomon,583,Spurs
18892,Ashley Young,Young,631,Ashley Young,588,Everton
430871,Matheus Santos Carneiro Da Cunha,Cunha,7080,Matheus Cunha,590,Wolves
47431,Willian Borges da Silva,Willian,700,Willian,591,Fulham
87835,Matt Doherty,Doherty,6852,Matt Doherty,598,Wolves
83283,Nathan Redmond,Redmond,790,Nathan Redmond,600,Burnley
220307,Arnaut Danjuma Groeneveld,Danjuma,8066,Arnaut Danjuma Groeneveld,601,Everton
201666,Harvey Barnes,Barnes,6681,Harvey Barnes,603,Newcastle
232223,Folarin Balogun,Balogun,9690,Folarin Balogun,1,Arsenal
115918,Rúnar Alex Rúnarsson,Rúnarsson,6875,Rúnar Alex Rúnarsson,18,Arsenal
445122,Jurriën Timber,J.Timber,11707,Jurriën Timber,585,Arsenal
213345,Wesley Moraes Ferreira da Silva,Wesley,7724,Wesley,61,Aston Villa
244954,Pau Torres,Pau,6221,Pau Torres,584,Aston Villa
243557,Moussa Diaby,Diaby,6556,Moussa Diaby,599,Aston Villa
444183,Gavin Kilkenny,Kilkenny,,,71,Bournemouth
222683,Justin Kluivert,Kluivert,6963,Justin Kluivert,72,Bournemouth
544877,Milos Kerkez,Kerkez,11709,Milos Kerkez,595,Bournemouth
215531,Ionuț Radu,Radu,1830,Ionut Radu,607,Bournemouth
118342,Mark Flekken,Flekken,7047,Mark Flekken,101,Brentford
508395,Yegor Yarmolyuk,Yarmolyuk,,,120,Brentford
535818,Simon Adingra,Adingra,11710,Simon Adingra,122,Brighton
233425,Aaron Connolly,Connolly,7991,Aaron Connolly,127,Brighton
168090,Mahmoud Dahoud,Dahoud,205,Mahmoud Dahoud,128,Brighton
475168,João Pedro Junqueira de Jesus,João Pedro,8272,João Pedro,135,Brighton
442229,Michał Karbownik,Karbownik,,,136,Brighton
489639,Bart Verbruggen,Verbruggen,11711,Bart Verbruggen,152,Brighton
204676,Andi Zeqiri,Zeqiri,9099,Andi Zeqiri,155,Brighton
223434,Igor Julio dos Santos de Paulo,Igor,7943,Igor Julio,606,Brighton
578614,Enock Agyei,Agyei,,,156,Burnley
487968,Ameen Al-Dakhil,Al-Dakhil,11699,Ameen Al Dakhil,157,Burnley
189776,Samuel Bastien,Bastien,1343,Samuel Bastien,158,Burnley
183751,Manuel Benson Hedilazio,Benson,7383,Josh Benson,159,Burnley
241231,Jordan Beyer,Beyer,6557,Louis Beyer,160,Burnley
172782,Josh Brownhill,Brownhill,8323,Josh Brownhill,161,Burnley
250735,Darko Churlinov,Churlinov,7790,Darko Churlinov,162,Burnley
40145,Jack Cork,Cork,712,Jack Cork,163,Burnley
530873,Dara Costelloe,Costelloe,,,164,Burnley
172567,Josh Cullen,Cullen,1018,Josh Cullen,165,Burnley
432711,CJ Egan-Riley,Egan-Riley,10174,CJ Egan-Riley,166,Burnley
478969,Hjalmar Ekdal,Ekdal,,,167,Burnley
435973,Lyle Foster,Foster,7498,Lyle Foster,168,Burnley
493347,Denis Franchi,Franchi,,,169,Burnley
60586,Jóhann Berg Gudmundsson,Gudmundsson,1663,Johann Berg Gudmundsson,170,Burnley
483391,Luke McNally,McNally,,,171,Burnley
232917,Arijanet Muric,Muric,,,172,Burnley
216616,Dara O'Shea,O'Shea,8756,Dara O'Shea,173,Burnley
220598,Michael Obafemi,Obafemi,6504,Michael Obafemi,174,Burnley
220037,Bailey Peacock-Farrell,Peacock-Farrell,8482,Bailey Peacock-Farrell,175,Burnley
192290,Connor Roberts,Roberts,5568,Connor Roberts,176,Burnley
44683,Jay Rodriguez,Rodriguez,844,Jay Rodriguez,177,Burnley
103914,Charlie Taylor,Taylor,6044,Charlie Taylor,178,Burnley
461102,Bobby Thomas,Thomas,,,179,Burnley
226473,Scott Twine,Twine,,,180,Burnley
133085,Lawrence Vigouroux,Vigouroux,,,181,Burnley
441455,Victor da Silva,Vitinho,11700,Vitinho,182,Burnley
511783,Anass Zaroury,Zaroury,11703,Anass Zaroury,184,Burnley
492831,Zeki Amdouni,Amdouni,11701,Zeki Amdouni,594,Burnley
432720,James Trafford,Trafford,9077,James Trafford,596,Burnley
487702,Luca Koleosho,Koleosho,10620,Luca Koleosho,605,Burnley
179458,Jacob Bruun Larsen,Bruun Larsen,5355,Jacob Bruun Larsen,608,Burnley
118335,Abdul Rahman Baba,Baba,684,Abdul Rahman Baba,190,Chelsea
482609,Malo Gusto,Gusto,9017,Malo Gusto,203,Chelsea
66749,Romelu Lukaku Bolingoli,Lukaku,594,Romelu Lukaku,207,Chelsea
517052,Nicolas Jackson,N.Jackson,10048,Nicolas Jackson,211,Chelsea
213198,Christopher Nkunku,Nkunku,3300,Christopher Nkunku,212,Chelsea
471798,Gabriel Słonina,Slonina,,,215,Chelsea
518620,Ângelo Gabriel Borges Damaceno,Ângelo,,,589,Chelsea
441302,Ian Maatsen,Maatsen,11807,Ian Maatsen,609,Chelsea
220362,Axel Disasi,Disasi,6885,Axel Disasi,611,Chelsea
503714,Lesley Ugochukwu,Ugochukwu,9451,Chimuanya Ugochukwu,613,Chelsea
512462,Jake O'Brien,O'Brien,,,235,Crystal Palace
536694,Matheus França de Oliveira,Matheus França,,,615,Crystal Palace
222627,João Neves Virgínia,J.Virginia,8366,João Virgínia,266,Everton
232892,Calvin Bassey,Bassey,11728,Calvin Bassey,610,Fulham
424876,Dominik Szoboszlai,Szoboszlai,9788,Dominik Szoboszlai,309,Liverpool
174310,Elijah Adebayo,Adebayo,11718,Elijah Adebayo,314,Luton
208904,Mads Juel Andersen,Andersen,11715,Mads Andersen,315,Luton
165183,Amari'i Bell,Bell,11713,Amari'i Bell,316,Luton
82738,Luke Berry,Berry,11722,Luke Berry,317,Luton
156658,Reece Burke,Burke,1771,Reece Burke,318,Luton
193195,Allan Campbell,Campbell,,,319,Luton
96784,Jordan Clark,Clark,,,320,Luton
244262,Alfie Doughty,Doughty,11723,Alfie Doughty,321,Luton
49083,Luke Freeman,Freeman,7713,Luke Freeman,322,Luton
113534,Matt Macey,Macey,,,323,Luton
422303,John McAtee,McAtee,,,324,Luton
453537,Carlos Mendes Gomes,Mendes,,,325,Luton
156700,Carlton Morris,Morris,11717,Carlton Morris,326,Luton
174595,Admiral Muskwe,Muskwe,,,327,Luton
229164,Chiedozie Ogbene,Ogbene,11719,Chiedozie Ogbene,328,Luton
168035,Fred Onyedinma,Onyedinma,,,329,Luton
199056,Gabriel Osho,Osho,,,330,Luton
490180,Aribim Pepple,Pepple,,,331,Luton
243532,Dion Pereira,Pereira,5559,Dion Pereira,332,Luton
108411,Dan Potts,Potts,,,333,Luton
165152,Glen Rea,Rea,,,334,Luton
77818,James Shea,Shea,,,335,Luton
242500,Joe Taylor,Taylor,,,336,Luton
232477,Elliot Thorpe,Thorpe,,,337,Luton
207722,Jack Walton,Walton,,,338,Luton
223333,Louie Watson,Watson,,,339,Luton
91046,Cauley Woodrow,Woodrow,11721,Cauley Woodrow,340,Luton
232351,Ryan Giles,Giles,7277,Ryan John Giles,553,Luton
108796,Tom Lockyer,Lockyer,11714,Tom Lockyer,575,Luton
104047,Pelly Ruddock Mpanzu,Mpanzu,11716,Pelly Ruddock Mpanzu,582,Luton
222677,Tahith Chong,Chong,7439,Tahith Chong,586,Luton
476369,Issa Kaboré,Kaboré,9619,Issa Kabore,602,Luton
54738,Thomas Kaminski,Kaminski,11712,Thomas Kaminski,614,Luton
477555,Oscar Bobb,Bobb,11903,Oscar Bobb,345,Man City
220394,Tommy Doyle,Doyle,,,351,Wolves
477424,Joško Gvardiol,Gvardiol,9790,Josko Gvardiol,616,Man City
515501,Álvaro Fernández Carreras,Fernandez,,,380,Man Utd
465527,Hannibal Mejbri,Hannibal,9558,Hannibal Mejbri,383,Man Utd
244856,Teden Mengi,Mengi,,,393,Luton
202641,André Onana,Onana,10913,André Onana,597,Man Utd
497894,Rasmus Højlund,Højlund,11055,Rasmus Højlund,617,Man Utd
153127,Isaac Hayden,Hayden,6062,Isaac Hayden,413,Newcastle
432422,Sandro Tonali,Tonali,7958,Sandro Tonali,429,Newcastle
232977,Kell Watts,Watts,,,431,Newcastle
461682,Brandon Aguilera Zamora,B.Aguilera,,,434,Nott'm Forest
245830,Josh Bowler,Bowler,,,440,Nott'm Forest
168547,Ethan Horvath,Horvath,,,449,Nott'm Forest
201440,Hwang Ui-jo,Ui-jo,7746,Hwang Ui-Jo,466,Nott'm Forest
159506,Olu Aina,Aina,725,Ola Aina,604,Nott'm Forest
201410,Auston Trusty,Trusty,,,27,Sheffield Utd
233821,Anel Ahmedhodžić,Ahmedhodžić,10386,Anel Ahmedhodžić,471,Sheffield Utd
538206,Jordan Amissah,Amissah,,,472,Sheffield Utd
82691,George Baldock,Baldock,7706,George Baldock,473,Sheffield Utd
40386,Chris Basham,Basham,7704,Chris Basham,474,Sheffield Utd
207189,Sander Berge,Berge,8285,Sander Berge,475,Burnley
226182,Jayden Bogle,Bogle,9205,Jayden Bogle,476,Sheffield Utd
195473,Rhian Brewster,Brewster,5569,Rhian Brewster,477,Sheffield Utd
476938,Ismaila Coulibaly,Coulibaly,,,478,Sheffield Utd
102549,Adam Davies,A.Davies,,,479,Sheffield Utd
108416,John Egan,Egan,7703,John Egan,480,Sheffield Utd
47247,John Fleck,Fleck,7709,John Fleck,481,Sheffield Utd
82143,Wes Foderingham,Foderingham,8776,Wes Foderingham,482,Sheffield Utd
523700,Daniel Jebbison,Jebbison,9509,Daniel Jebbison,483,Sheffield Utd
155197,Max Lowe,Lowe,8918,Max Lowe,484,Sheffield Utd
169432,Oliver McBurnie,McBurnie,1736,Oliver McBurnie,485,Sheffield Utd
440993,Iliman Ndiaye,Ndiaye,9307,Iliman Ndiaye,486,Sheffield Utd
443211,Rhys Norrington-Davies,Norrington-Davies,,,487,Sheffield Utd
79934,Oliver Norwood,Norwood,7710,Oliver Norwood,488,Sheffield Utd
167878,Ben Osborn,Osborn,7714,Ben Osborn,489,Sheffield Utd
538207,William Osula,Osula,9556,William Osula,490,Sheffield Utd
83427,Jack Robinson,Robinson,8286,Jack Robinson,576,Sheffield Utd
504198,Anis Slimane,Slimane,11730,Anis Ben Slimane,587,Sheffield Utd
432990,Yasser Larouci,Larouci,10041,Yasser Larouci,592,Sheffield Utd
523957,Bénie Traoré,T.Bénie,11729,Bénie Traoré,593,Sheffield Utd
200826,Giovani Lo Celso,Lo Celso,5681,Giovani Lo Celso,503,Spurs
231372,Tanguy Ndombélé Alvaro,Ndombele,5962,Tanguy NDombele Alvaro,505,Spurs
487053,Destiny Udogie,Udogie,8831,Iyenoma Destiny Udogie,519,Spurs
184254,Guglielmo Vicario,Vicario,8858,Guglielmo Vicario,520,Spurs
175941,Alfie Whiteman,Whiteman,,,521,Spurs
431960,Bendegúz Bolla,Bolla,,,547,Wolves
441271,Ki-Jana Hoever,Hoever,8351,Ki-Jana Hoever,556,Wolves
428610,Bruno Cavaco Jordão,Jordão,6336,Bruno Jordao,561,Wolves
138001,Tom King,King,,,564,Wolves
549068,Omari Kellyman,Kellyman,,,618,Aston Villa
474772,Ben Greenwood,Greenwood,,,619,Bournemouth
501284,Michale Olakigbe,Olakigbe,11487,Michael Olakigbe,620,Brentford
532529,Jack Hinshelwood,Hinshelwood,11269,Jack Hinshelwood,621,Brighton
461567,Owen Dodgson,Dodgson,,,622,Burnley
534392,Mason Burstow,Burstow,11810,Mason Burstow,623,Chelsea
461421,Lewis Dobbin,Dobbin,10027,Lewis Dobbin,624,Everton
547686,Luc De Fougerolles,De Fougerolles,,,625,Fulham
441428,Jarell Quansah,Quansah,10187,Jarell Quansah,626,Liverpool
491970,Bobby Clark,Clark,10997,Bobby Clark,627,Liverpool
496208,Ben Doak,Doak,11231,Ben Doak,628,Liverpool
491501,James McConnell,McConnell,,,629,Liverpool
88894,Ross Barkley,Barkley,592,Ross Barkley,630,Luton
242453,Jacob Brown,Brown,11720,Jacob Brown,631,Luton
487828,Omari Forson,Forson,,,632,Man Utd
441191,Tino Livramento,Livramento,9512,Valentino Livramento,633,Newcastle
545477,Alex Murphy,A.Murphy,,,634,Newcastle
547719,Lewis Miley,Miley,11386,Lewis Miley,635,Newcastle
450197,George Shelvey,G.Shelvey,,,636,Nott'm Forest
547659,Josh Powell,Powell,,,637,Nott'm Forest
424001,Vini de Souza Costa,Vini Souza,10872,Vinicius Souza,638,Sheffield Utd
491279,Micky van de Ven,Van de Ven,10050,Micky van de Ven,639,Spurs
490145,Dane Scarlett,Scarlett,9332,Dane Scarlett,640,Spurs
536908,Alejo Véliz,Veliz,,,641,Spurs
213999,Edson Álvarez Velázquez,Álvarez,11926,Edson Álvarez,642,West Ham
232980,Max Aarons,Aarons,7688,Max Aarons,643,Bournemouth
503139,Alex Scott,Scott,,,644,Bournemouth
491012,Youssef Ramalho Chermiti,Y. Chermiti,11984,Youssef Chermiti,645,Everton
463748,Karl Hein,Hein,,,646,Arsenal
450542,Jesurun Rak-Sakyi,Rak-Sakyi,9461,Jesurun Rak-Sakyi,657,Crystal Palace
461382,John-Kymani Gordon,Gordon,,,658,Crystal Palace
461416,Thomas Cannon,Cannon,11232,Thomas Cannon,649,Everton
461446,Tyler Onyango,Onyango,9287,Tyler Onyango,650,Everton
490146,Jay Stansfield,Stansfield,10718,Jay Stansfield,651,Fulham
515023,Matthew Dibley-Dias,Dibley-Dias,,,652,Fulham
552030,Aidan Francis-Clarke,Francis-Clarke,,,648,Luton
471848,Femi Seriki,Seriki,9540,Femi Seriki,653,Sheffield Utd
532377,Louie Marsh,Marsh,,,654,Sheffield Utd
538210,Andre Brooks,Brooks,11731,Andre Brooks,655,Sheffield Utd
487836,Antwoine Hackford,Hackford,9222,Antwoine Hackford,656,Sheffield Utd
447879,Joseph Anang,Anang,,,647,West Ham
482158,Lucas Bergström,Bergström,,,659,Chelsea
550839,Wilson Odobert,Odobert,10822,Wilson Odobert,660,Burnley
514356,Roméo Lavia,Lavia,10004,Romeo Lavia,667,Chelsea
221399,Jack Harrison,Harrison,8720,Jack Harrison,661,Everton
159533,Adama Traoré,Adama,900,Adama Traoré,662,Fulham
20480,Tim Krul,Krul,982,Tim Krul,665,Luton
196100,Gustavo Hamer,Hamer,11839,Gustavo Hamer,663,Sheffield Utd
173807,Tom Davies,T.Davies,1042,Tom Davies,666,Sheffield Utd
101178,James Ward-Prowse,Ward-Prowse,843,James Ward-Prowse,664,West Ham
158983,Wataru Endo,Endo,8808,Wataru Endo,668,Liverpool
477733,Radek Vítek,Vítek,,,669,Man Utd
462381,Filip Marschall,Marschall,,,670,Aston Villa
461188,Bashir Humphreys,Humphreys,,,671,Chelsea
245414,Nicolò Zaniolo,Zaniolo,6686,Nicolo Zaniolo,672,Aston Villa
200785,Tyler Adams,Adams,7352,Tyler Adams,673,Bournemouth
247245,Hannes Delcroix,Delcroix,11998,Hannes Delcroix,674,Burnley
447715,Aaron Ramsey,A.Ramsey,9913,Aaron Ramsey,675,Burnley
233963,Konstantinos Mavropanos,Mavropanos,6722,Konstantinos Mavropanos,676,West Ham
516159,Oliwier Zych,Zych,,,686,Aston Villa
494041,Ethan Brierley,Brierley,,,684,Brentford
617054,Deivid Washington de Souza Eugênio,Deivid,,,677,Chelsea
474803,Eddie Beach,Beach,,,680,Chelsea
491011,Diego Manuel Jadon da Silva Moreira,Diego Moreira,,,681,Chelsea
457569,Djordje Petrovic,Petrovic,,,687,Chelsea
515024,Luke Harris,Harris,10719,Luke Harris,683,Fulham
166477,Timothy Castagne,Castagne,6157,Timothy Castagne,688,Fulham
611011,Joseph Johnson,Johnson,,,682,Luton
248875,Jérémy Doku,Doku,8981,Jéremy Doku,678,Man City
504598,Daniel Gore,Gore,,,685,Man Utd
218430,Gonzalo Montiel,G.Montiel,9897,Gonzalo Montiel,679,Nott'm Forest
460842,Mohammed Kudus,Kudus,12027,Mohammed Kudus,689,West Ham
171101,Clément Lenglet,Lenglet,5050,Clement Lenglet,699,Aston Villa
535301,Carlos Baleba,Baleba,10527,Carlos Baleba,690,Brighton
465607,Anssumane Fati Vieira,Ansu Fati,7967,Anssumane Fati,700,Brighton
437757,Han-Noah Massengo,Massengo,7264,Han-Noah Massengo,694,Burnley
486385,Norberto Bercique Gomes Betuncal,Beto,9983,Beto,691,Everton
428971,Steven Benda,Benda,,,692,Fulham
451302,Altay Bayindir,Altay,,,695,Man Utd
575476,Murillo Santiago Costa dos Santos,Murillo,,,696,Nott'm Forest
244619,Luke Thomas,Thomas,8562,Luke Thomas,693,Sheffield Utd
231480,Santiago Bueno,S.Bueno,10945,Santiago Bueno,697,Wolves
593001,Enso González,González,,,698,Wolves
205836,Saman Ghoddos,Ghoddos,7069,Saman Ghoddos,701,Brentford
37642,Jonny Evans,Evans,807,Jonny Evans,703,Man Utd
548308,Ashley Phillips,Phillips,,,702,Spurs
531363,Nathan Fraser,Fraser,,,704,Wolves
